epoch,steps,cosine_pearson,cosine_spearman,euclidean_pearson,euclidean_spearman,manhattan_pearson,manhattan_spearman,dot_pearson,dot_spearman
0,1000,0.03228175872273568,0.07424350306406936,0.02556676182651612,0.03520918649216641,0.015892733203802963,0.022956162030134262,0.04174415001551163,0.039881910967020935
