epoch,steps,cosine_pearson,cosine_spearman,euclidean_pearson,euclidean_spearman,manhattan_pearson,manhattan_spearman,dot_pearson,dot_spearman
0,1000,0.018692936961617522,0.15719627878582043,0.0861818143459115,0.1809669771076803,0.08576965776818615,0.2572512414614011,0.038091574307040015,-0.0033304117185044084
